ID	dict1	dict2	dict3	dict4
250000	0.08723568916320801	0.08723568916320801
500000	0.18663806915283204	0.18663806915283204
1000000	0.26706757545471194	0.26706757545471194
2000000	0.3578139066696167	0.3578139066696167
