ID	default	dynamic
250000	0.08297715187072754	0.07060866355895996
500000	0.19841694831848145	0.21213736534118652
1000000	0.3926400184631348	0.342821741104126
2000000	0.9540239810943604	0.8387957572937011
