ID	default	dynamic
250000	0.08907039165496826	0.11551487445831299
500000	0.13057849407196045	0.10651969909667969
1000000	0.40767345428466795	0.46583991050720214
2000000	0.855454683303833	0.6893404006958008
