ID	default	probabilistic
250000	0.06312246322631836	0.15173676013946533
500000	0.19076502323150635	0.2574156284332275
1000000	0.49497556686401367	0.6871771574020386
2000000	0.9436168670654297	1.734602427482605
