ID	default	dynamic
250000	0.0701761245727539	0.0692631721496582
500000	0.1180192470550537	0.15392661094665527
1000000	0.4891956329345703	0.3415109634399414
2000000	0.7950341701507568	0.7457464218139649
4000000	1.92877197265625	1.7351536750793457
8000000	4.5253218650817875	3.5447131633758544
16000000	11.97807674407959	7.739239740371704
32000000	39.27420296669006	14.014139175415039
64000000	92.39576897621154	27.61793718338013
