list size	default	dynamic
250000	0.09101214408874511	0.07914719581604004
500000	0.18955421447753906	0.15508322715759276
1000000	0.39857797622680663	0.36872248649597167
2000000	0.7221857070922851	0.7174345970153808
4000000	1.2932435035705567	1.4346235275268555
8000000	2.995860958099365	2.2799559593200684
16000000	6.925536441802978	6.507250785827637
